"Status","Start Time","Stop Time","Duration in ms","Parent Suite","Suite","Sub Suite","Test Class","Test Method","Name","Description"
"passed","Sat Mar 25 14:19:57 CST 2023","Sat Mar 25 14:19:57 CST 2023","0","example","test_allpairspy_1","TestParameterized","","","test_normal_scenes[\u5973-\u4e00\u5e74\u7ea7-10-13\u5c81]",""
"passed","Sat Mar 25 14:19:57 CST 2023","Sat Mar 25 14:19:57 CST 2023","0","func_1","test_func_1_1","TestFunc11","","","test_normal_scenes_2",""
"passed","Sat Mar 25 14:19:57 CST 2023","Sat Mar 25 14:19:57 CST 2023","0","example","test_allpairspy_1","TestParameterized","","","test_normal_scenes[\u5973-\u4e94\u5e74\u7ea7-8\u5c81\u4ee5\u4e0b]",""
"passed","Sat Mar 25 14:19:57 CST 2023","Sat Mar 25 14:19:57 CST 2023","0","example","test_allpairspy_1","TestParameterized","","","test_normal_scenes[\u5973-\u56db\u5e74\u7ea7-8\u5c81\u4ee5\u4e0b]",""
"passed","Sat Mar 25 14:19:57 CST 2023","Sat Mar 25 14:19:57 CST 2023","0","example","test_allpairspy_1","TestParameterized","","","test_normal_scenes[\u5973-\u56db\u5e74\u7ea7-10-13\u5c81]",""
"passed","Sat Mar 25 14:19:57 CST 2023","Sat Mar 25 14:19:57 CST 2023","0","example","test_allpairspy_1","TestParameterized","","","test_normal_scenes[\u5973-\u4e94\u5e74\u7ea7-8-10\u5c81]",""
"passed","Sat Mar 25 14:19:57 CST 2023","Sat Mar 25 14:19:57 CST 2023","0","example","test_allpairspy_1","TestParameterized","","","test_normal_scenes[\u5973-\u4e09\u5e74\u7ea7-8-10\u5c81]",""
"passed","Sat Mar 25 14:19:57 CST 2023","Sat Mar 25 14:19:57 CST 2023","0","example","test_allpairspy_1","TestParameterized","","","test_normal_scenes[\u5973-\u4e8c\u5e74\u7ea7-8-10\u5c81]",""
"passed","Sat Mar 25 14:19:57 CST 2023","Sat Mar 25 14:19:57 CST 2023","0","example","test_allpairspy_1","TestParameterized","","","test_normal_scenes[\u5973-\u4e09\u5e74\u7ea7-8\u5c81\u4ee5\u4e0b]",""
"passed","Sat Mar 25 14:19:57 CST 2023","Sat Mar 25 14:19:57 CST 2023","0","example","test_allpairspy_1","TestParameterized","","","test_normal_scenes[\u5973-\u4e8c\u5e74\u7ea7-8\u5c81\u4ee5\u4e0b]",""
"passed","Sat Mar 25 14:19:57 CST 2023","Sat Mar 25 14:19:57 CST 2023","0","example","test_allpairspy_1","TestParameterized","","","test_normal_scenes[\u7537-\u56db\u5e74\u7ea7-8-10\u5c81]",""
"passed","Sat Mar 25 14:19:57 CST 2023","Sat Mar 25 14:19:57 CST 2023","1","example","test_allpairspy_1","TestParameterized","","","test_print_pairs",""
"passed","Sat Mar 25 14:19:57 CST 2023","Sat Mar 25 14:19:57 CST 2023","0","func_1","test_func_1_1","TestFunc11","","","test_normal_scenes_1",""
"passed","Sat Mar 25 14:19:57 CST 2023","Sat Mar 25 14:19:57 CST 2023","0","example","test_allpairspy_1","TestParameterized","","","test_normal_scenes[\u7537-\u4e00\u5e74\u7ea7-8\u5c81\u4ee5\u4e0b]",""
"passed","Sat Mar 25 14:19:57 CST 2023","Sat Mar 25 14:19:57 CST 2023","0","example","test_allpairspy_1","TestParameterized","","","test_normal_scenes[\u5973-\u4e00\u5e74\u7ea7-8-10\u5c81]",""
"passed","Sat Mar 25 14:19:57 CST 2023","Sat Mar 25 14:19:57 CST 2023","0","example","test_allpairspy_1","TestParameterized","","","test_normal_scenes[\u7537-\u4e8c\u5e74\u7ea7-10-13\u5c81]",""
"passed","Sat Mar 25 14:19:57 CST 2023","Sat Mar 25 14:19:57 CST 2023","0","example","test_allpairspy_1","TestParameterized","","","test_normal_scenes[\u7537-\u4e09\u5e74\u7ea7-10-13\u5c81]",""
"passed","Sat Mar 25 14:19:57 CST 2023","Sat Mar 25 14:19:57 CST 2023","0","example","test_allpairspy_1","TestParameterized","","","test_normal_scenes[\u7537-\u4e94\u5e74\u7ea7-10-13\u5c81]",""
